{
    "loss": 5.0018815994262695,
    "accuracy": 0.5086206793785095
}